Name,Address,StartDate,EndDate,StartHour,EndHour
Recorder's Country Club Office (Ballot Processing Center),"6550 S Country Club Rd, Tucson, AZ",10/7/2026,10/29/2026,8:00,17:00
Recorder's Main Office,"240 N Stone Ave, Tucson, AZ",10/7/2026,10/29/2026,8:00,17:00
City of Tucson Ward 2 Office,"7820 E Broadway Blvd, Tucson, AZ",10/7/2026,10/29/2026,8:00,17:00
Oro Valley Library,"1305 W Naranja Dr, Oro Valley, AZ",10/19/2026,10/29/2026,8:00,17:00
U of A Student Union Santa Cruz Room,"1303 E University Blvd, Tucson, AZ",10/26/2026,10/29/2026,8:00,17:00
Anamax Recreation Center,"17501 S Camino De Las Quintas, Sahuarita, AZ",10/26/2026,10/29/2026,8:00,17:00
W. Anne Gibson-Esmond Station Library,"10931 E Mary Ann Cleveland Way, Vail, AZ",10/26/2026,10/29/2026,8:00,17:00
Dusenberry-River Library,"5605 E River Rd, Ste 105, Tucson, AZ",10/26/2026,10/29/2026,8:00,17:00
Kirk-Bear Canyon Library,"8959 E Tanque Verde Rd, Tucson, AZ",10/26/2026,10/29/2026,8:00,17:00
Miller-Golf Links Library,"9640 E Golf Links Rd, Tucson, AZ",10/26/2026,10/29/2026,8:00,17:00
"Pima County Natural Resources, Parks & Recreation Building","3500 W River Rd, Tucson, AZ",10/26/2026,10/29/2026,8:00,17:00
Pascua Yaqui Tribal Chambers,"7474 S Camino de Oeste, Tucson, AZ",10/26/2026,10/29/2026,8:00,17:00
Valencia Library,"202 W Valencia Rd, Tucson, AZ",10/26/2026,10/29/2026,8:00,17:00
Woods Memorial Library,"3455 N 1st Ave, Tucson, AZ",10/26/2026,10/29/2026,8:00,17:00
Wheeler Taft Abbet Sr Library,"7800 N Schisler Dr, Tucson, AZ",10/26/2026,10/29/2026,8:00,17:00
Eckstrom-Columbus Library,"4350 E 22nd St, Tucson, AZ",10/26/2026,10/29/2026,8:00,17:00
Recorder's Country Club Office (Ballot Processing Center),"6550 S Country Club Rd, Tucson, AZ",10/30/2026,10/30/2026,8:00,19:00
Recorder's Main Office,"240 N Stone Ave, Tucson, AZ",10/30/2026,10/30/2026,8:00,19:00
City of Tucson Ward 2 Office,"7820 E Broadway Blvd, Tucson, AZ",10/30/2026,10/30/2026,8:00,19:00
Oro Valley Library,"1305 W Naranja Dr, Oro Valley, AZ",10/30/2026,10/30/2026,8:00,19:00
U of A Student Union Santa Cruz Room,"1303 E University Blvd, Tucson, AZ",10/30/2026,10/30/2026,8:00,19:00
Anamax Recreation Center,"17501 S Camino De Las Quintas, Sahuarita, AZ",10/30/2026,10/30/2026,8:00,19:00
W. Anne Gibson-Esmond Station Library,"10931 E Mary Ann Cleveland Way, Vail, AZ",10/30/2026,10/30/2026,8:00,19:00
Dusenberry-River Library,"5605 E River Rd, Ste 105, Tucson, AZ",10/30/2026,10/30/2026,8:00,19:00
Kirk-Bear Canyon Library,"8959 E Tanque Verde Rd, Tucson, AZ",10/30/2026,10/30/2026,8:00,19:00
Miller-Golf Links Library,"9640 E Golf Links Rd, Tucson, AZ",10/30/2026,10/30/2026,8:00,19:00
"Pima County Natural Resources, Parks & Recreation Building","3500 W River Rd, Tucson, AZ",10/30/2026,10/30/2026,8:00,19:00
Pascua Yaqui Tribal Chambers,"7474 S Camino de Oeste, Tucson, AZ",10/30/2026,10/30/2026,8:00,19:00
Valencia Library,"202 W Valencia Rd, Tucson, AZ",10/30/2026,10/30/2026,8:00,19:00
Woods Memorial Library,"3455 N 1st Ave, Tucson, AZ",10/30/2026,10/30/2026,8:00,19:00
Wheeler Taft Abbet Sr Library,"7800 N Schisler Dr, Tucson, AZ",10/30/2026,10/30/2026,8:00,19:00
Eckstrom-Columbus Library,"4350 E 22nd St, Tucson, AZ",10/30/2026,10/30/2026,8:00,19:00
Recorder's Country Club Office (Ballot Processing Center),"6550 S Country Club Rd, Tucson, AZ",10/31/2026,10/31/2026,9:00,15:00
Recorder's Main Office,"240 N Stone Ave, Tucson, AZ",10/31/2026,10/31/2026,9:00,15:00
City of Tucson Ward 2 Office,"7820 E Broadway Blvd, Tucson, AZ",10/31/2026,10/31/2026,9:00,15:00
Oro Valley Library,"1305 W Naranja Dr, Oro Valley, AZ",10/31/2026,10/31/2026,9:00,15:00
U of A Student Union Santa Cruz Room,"1303 E University Blvd, Tucson, AZ",10/31/2026,10/31/2026,9:00,15:00
Anamax Recreation Center,"17501 S Camino De Las Quintas, Sahuarita, AZ",10/31/2026,10/31/2026,9:00,15:00
W. Anne Gibson-Esmond Station Library,"10931 E Mary Ann Cleveland Way, Vail, AZ",10/31/2026,10/31/2026,9:00,15:00
Dusenberry-River Library,"5605 E River Rd, Ste 105, Tucson, AZ",10/31/2026,10/31/2026,9:00,15:00
Kirk-Bear Canyon Library,"8959 E Tanque Verde Rd, Tucson, AZ",10/31/2026,10/31/2026,9:00,15:00
Miller-Golf Links Library,"9640 E Golf Links Rd, Tucson, AZ",10/31/2026,10/31/2026,9:00,15:00
"Pima County Natural Resources, Parks & Recreation Building","3500 W River Rd, Tucson, AZ",10/31/2026,10/31/2026,9:00,15:00
Pascua Yaqui Tribal Chambers,"7474 S Camino de Oeste, Tucson, AZ",10/31/2026,10/31/2026,9:00,15:00
Valencia Library,"202 W Valencia Rd, Tucson, AZ",10/31/2026,10/31/2026,9:00,15:00
Woods Memorial Library,"3455 N 1st Ave, Tucson, AZ",10/31/2026,10/31/2026,9:00,15:00
Wheeler Taft Abbet Sr Library,"7800 N Schisler Dr, Tucson, AZ",10/31/2026,10/31/2026,9:00,15:00
Eckstrom-Columbus Library,"4350 E 22nd St, Tucson, AZ",10/31/2026,10/31/2026,9:00,15:00
Recorder's Country Club Office (Ballot Processing Center),"6550 S Country Club Rd, Tucson, AZ",11/2/2026,11/2/2026,9:00,17:00
Recorder's Main Office,"240 N Stone Ave, Tucson, AZ",11/2/2026,11/2/2026,8:00,17:00
City of Tucson Ward 2 Office,"7820 E Broadway Blvd, Tucson, AZ",11/2/2026,11/2/2026,8:00,17:00
Oro Valley Library,"1305 W Naranja Dr, Oro Valley, AZ",11/2/2026,11/2/2026,9:00,15:00
U of A Student Union Santa Cruz Room,"1303 E University Blvd, Tucson, AZ",11/2/2026,11/2/2026,9:00,15:00
Anamax Recreation Center,"17501 S Camino De Las Quintas, Sahuarita, AZ",11/2/2026,11/2/2026,9:00,15:00
W. Anne Gibson-Esmond Station Library,"10931 E Mary Ann Cleveland Way, Vail, AZ",11/2/2026,11/2/2026,9:00,15:00
Dusenberry-River Library,"5605 E River Rd, Ste 105, Tucson, AZ",11/2/2026,11/2/2026,9:00,15:00
Kirk-Bear Canyon Library,"8959 E Tanque Verde Rd, Tucson, AZ",11/2/2026,11/2/2026,9:00,15:00
Miller-Golf Links Library,"9640 E Golf Links Rd, Tucson, AZ",11/2/2026,11/2/2026,9:00,15:00
"Pima County Natural Resources, Parks & Recreation Building","3500 W River Rd, Tucson, AZ",11/2/2026,11/2/2026,9:00,15:00
Pascua Yaqui Tribal Chambers,"7474 S Camino de Oeste, Tucson, AZ",11/2/2026,11/2/2026,9:00,15:00
Valencia Library,"202 W Valencia Rd, Tucson, AZ",11/2/2026,11/2/2026,9:00,15:00
Woods Memorial Library,"3455 N 1st Ave, Tucson, AZ",11/2/2026,11/2/2026,9:00,15:00
Wheeler Taft Abbet Sr Library,"7800 N Schisler Dr, Tucson, AZ",11/2/2026,11/2/2026,9:00,15:00
Eckstrom-Columbus Library,"4350 E 22nd St, Tucson, AZ",11/2/2026,11/2/2026,9:00,15:00
