Name,Address,Date,Hour Start,Hour End
99 Cents Store,"Arizona Highway 86 and Mile Marker 112.3, Sells, AZ 85634",11/3/2026,6:00,19:00
Accelerated Elementary & Secondary School,"5245 N Camino De Oeste, Tucson, AZ 85745",11/3/2026,6:00,19:00
Ajo Federated Church,"101 W Lomita Ave, Ajo, AZ 85321",11/3/2026,6:00,19:00
Alive Christian Fellowship,"9662 N La Cholla Blvd, Tucson, AZ 85742",11/3/2026,6:00,19:00
Ambassador Event Center,"3455 S Wilmot Rd, Tucson, AZ 85730",11/3/2026,6:00,19:00
American Legion Post #109,"15921 S Houghton Rd, Vail, AZ 85641",11/3/2026,6:00,19:00
American Legion Sahuaro Post #68,"4724 S 12th Ave, Tucson, AZ 85714",11/3/2026,6:00,19:00
Anamax Rec Center,"17501 S Camino De Las Quintas, Sahuarita, AZ 85629",11/3/2026,6:00,19:00
Arivaca Old School Building,"17180 W 4th St, Arivaca, AZ 85601",11/3/2026,6:00,19:00
Armory Park Center,"220 S 5th Ave, Tucson, AZ 85701",11/3/2026,6:00,19:00
Avra Valley Fire District,"15790 W Silverbell Rd, Marana, AZ 85653",11/3/2026,6:00,19:00
Baboquivari District Office,"Federal Route 19 & Fresnal Canyon Rd, Topawa, AZ 85639",11/3/2026,6:00,19:00
Beautiful Savior Lutheran Church,"7570 N Thornydale Rd, Tucson, AZ 85741",11/3/2026,6:00,19:00
Bethel Baptist Church,"11040 E Escalante Rd, Tucson, AZ 85730",11/3/2026,6:00,19:00
Canoa Ranch Recreation Center,"5750 S Turquoise Mountain Drive, Green Valley, AZ 85622",11/3/2026,6:00,19:00
Canyon Del Oro Assembly of God,"2950 W Lambert Ln, Tucson, AZ 85742",11/3/2026,6:00,19:00
Canyon Del Oro Bible Church,"9200 N Oracle Rd, Tucson, AZ 85704",11/3/2026,6:00,19:00
Casas Adobes Baptist Church,"10801 N La Cholla Blvd, Tucson, AZ 85742",11/3/2026,6:00,19:00
Catalina Community Center,"16562 N Oracle Rd, Tucson, AZ 85739",11/3/2026,6:00,19:00
Charron Vineyard & Winery,"18585 S Sonoita Hwy, Vail, AZ 85641",11/3/2026,6:00,19:00
Christ Lutheran Vail Church,"14600 E Colossal Cave Rd, Vail, AZ 85641",11/3/2026,6:00,19:00
Chukut Kuk District,"Federal Route 19, Mile Post 8, Miguel Community, Sells, AZ 85634",11/3/2026,6:00,19:00
Church of the Apostles,"12111 N La Cholla Blvd, Oro Valley, AZ 85755",11/3/2026,6:00,19:00
Church of The Painted Hills,"3295 W Speedway Blvd, Tucson, AZ 85745",11/3/2026,6:00,19:00
Clements Regional Center,"8155 E Poinciana Dr, Tucson, AZ 85730",11/3/2026,6:00,19:00
Continental Ranch Community Center,"8881 N Coachline Blvd, Tucson, AZ 85743",11/3/2026,6:00,19:00
Countryside Community Club,"9151 N Bald Eagle Ave, Tucson, AZ 85742",11/3/2026,6:00,19:00
CPAC - Community Performance and Art Center,"1250 W Continental Rd, Green Valley, AZ 85622",11/3/2026,6:00,19:00
Desert Springs Baptist Church,"10425 N Thornydale Rd, Tucson, AZ 85742",11/3/2026,6:00,19:00
Desert Springs Presbyterian Church,"1555 W Overton Rd, Tucson, AZ 85704",11/3/2026,6:00,19:00
Donna R Liggins Neighborhood Center,"2160 N 6th Ave, Tucson, AZ 85705",11/3/2026,6:00,19:00
Dove of Peace Lutheran Church,"665 W Roller Coaster Rd, Tucson, AZ 85704",11/3/2026,6:00,19:00
Dusenberry-River Library,"5605 E River Rd #105, Tucson, AZ 85750",11/3/2026,6:00,19:00
Eckstrom - Columbus Library,"4350 E 22nd St, Tucson, AZ 85711",11/3/2026,6:00,19:00
El Mezquite Salon de Eventos,"7130 S Nogales Hwy, Tucson, AZ 85756",11/3/2026,6:00,19:00
El Pueblo Senior Center,"101 W Irvington Rd, Tucson, AZ 85714",11/3/2026,6:00,19:00
Ellie Towne Flowing Wells Community Center,"1660 W Ruthrauff Rd, Tucson, AZ 85705",11/3/2026,6:00,19:00
Embassy Suites Tucson-Paloma Village,"3110 E Skyline Dr, Tucson, AZ 85718",11/3/2026,6:00,19:00
First United Methodist Church,"915 E 4th St, Tucson, AZ 85719",11/3/2026,6:00,19:00
Fred Archer Neighborhood Center,"1665 S La Cholla Blvd, Tucson, AZ 85713",11/3/2026,6:00,19:00
Glad Tidings Assembly of God Church,"600 N Kolb Rd, Tucson, AZ 85710",11/3/2026,6:00,19:00
Goodness Family Church,"3141 W Ironwood Hills Dr, Tucson, AZ 85745",11/3/2026,6:00,19:00
Green Valley Baptist Church,"1111 N La Cañada Dr, Green Valley, AZ 85614",11/3/2026,6:00,19:00
Gu Achi District,"Santa Rosa Community, Sells, AZ 85634",11/3/2026,6:00,19:00
Gu-Vo Community Building,"Highway 86, Route 1, Mile Post 19, Ajo, AZ 85321",11/3/2026,6:00,19:00
Hickiwan Recreation Center,"Indian Route 34, Mile Post 42, Sells, AZ 85634",11/3/2026,6:00,19:00
Hilton Garden Inn,"6575 S Country Club Rd, Tucson, AZ 85756",11/3/2026,6:00,19:00
His Presence Church Arizona,"4108 E North St, Tucson, AZ 85712",11/3/2026,6:00,19:00
Hope Church,"3353 N Houghton Rd, Tucson, AZ 85749",11/3/2026,6:00,19:00
Journey Church,"4700 N Swan Rd, Tucson, AZ 85718",11/3/2026,6:00,19:00
Kino Sports Complex / Event Center,"2805 E Ajo Way, Tucson, AZ 85713",11/3/2026,6:00,19:00
Kirk - Bear Canyon Library,"8959 E Tanque Verde Rd, Tucson, AZ 85749",11/3/2026,6:00,19:00
Knights of Columbus,"601 S Tucson Blvd, Tucson, AZ 85716",11/3/2026,6:00,19:00
La Villita Community Center,"71 E Sahuarita Rd, Sahuarita, AZ 85629",11/3/2026,6:00,19:00
Lord of Grace Lutheran Church,"7250 N Cortaro Rd, Tucson, AZ 85743",11/3/2026,6:00,19:00
Lutheran Church of the Foothills,"5102 N Craycroft Rd, Tucson, AZ 85718",11/3/2026,6:00,19:00
Marana Aquatic and Recreation Center,"13455 N Marana Main St, Marana, AZ 85653",11/3/2026,6:00,19:00
Miller - Golf Links Library,"9640 E Golf Links Rd, Tucson, AZ 85730",11/3/2026,6:00,19:00
Morgan's Event Center,"2308 S Park Ave, Tucson, AZ 85713",11/3/2026,6:00,19:00
Morris K. Udall Regional Center,"7200 E Tanque Verde Rd, Tucson, AZ 85715",11/3/2026,6:00,19:00
Most Holy Trinity Parish,"1300 N Greasewood Rd, Tucson, AZ 85745",11/3/2026,6:00,19:00
Mount Lemmon Community Center,"12949 N Sabino Canyon Park, Mt Lemmon, AZ 85619",11/3/2026,6:00,19:00
Mount Olive Lutheran Church,"2005 S Houghton Rd, Tucson, AZ 85748",11/3/2026,6:00,19:00
Mount Zion Lutheran Church,"4520 W Ajo Way, Tucson, AZ 85746",11/3/2026,6:00,19:00
Murphy Wilmot Library,"530 N Wilmot Rd, Tucson, AZ 85711",11/3/2026,6:00,19:00
MUSD - Marana High School,"12000 W Emigh Rd, Tucson, AZ 85743",11/3/2026,6:00,19:00
MUSD - Roadrunner Elementary School,"16651 W Calle Carmela, Marana, AZ 85653",11/3/2026,6:00,19:00
Nanini Branch Public Library,"7300 N Shannon Rd, Tucson, AZ 85741",11/3/2026,6:00,19:00
New Life Church,"8900 E Golf Links Rd, Tucson, AZ 85730",11/3/2026,6:00,19:00
New Spirit Church,"8701 E Old Spanish Trail, Tucson, AZ 85710",11/3/2026,6:00,19:00
Old Pascua Neighborhood Center,"785 W Sahuaro St, Tucson, AZ 85705",11/3/2026,6:00,19:00
Orange Grove Mobile Estates,"3635 W Mango Dr, Tucson, AZ 85741",11/3/2026,6:00,19:00
Oro Valley Church of the Nazarene,"500 W Calle Concordia, Oro Valley, AZ 85704",11/3/2026,6:00,19:00
Oro Valley Public Library,"1305 W Naranja Dr, Oro Valley, AZ 85737",11/3/2026,6:00,19:00
Our Lady of Fatima Parish,"1950 W Irvington Pl, Tucson, AZ 85746",11/3/2026,6:00,19:00
Pascua Yaqui Tribal Chambers,"7474 S Camino De Oeste, Tucson, AZ 85757",11/3/2026,6:00,19:00
Picture Rocks Community Center,"5615 N Sanders Rd, Tucson, AZ 85743",11/3/2026,6:00,19:00
Pisinemo District,"West Highway 86, Route 21, Sells, AZ 85634",11/3/2026,6:00,19:00
Quail Creek,"2055 E Quail Crossing Blvd, Green Valley, AZ 85614",11/3/2026,6:00,19:00
Ramada by Wyndham,"777 W Cushing St, Tucson, AZ 85745",11/3/2026,6:00,19:00
Redeemer Evangelical Lutheran Church & School,"8845 N Silverbell Rd, Tucson, AZ 85743",11/3/2026,6:00,19:00
Resurrection Lutheran Church,"11575 N. 1st Ave. Building C, Oro Valley, AZ 85737",11/3/2026,6:00,19:00
Rising Star Baptist Church,"2800 E 36th St, Tucson, AZ 85713",11/3/2026,6:00,19:00
Robles Ranch Community Center,"16150 W Ajo Way, Tucson, AZ 85735",11/3/2026,6:00,19:00
Sahuarita Town Hall,"375 W Sahuarita Center Way, Sahuarita, AZ 85629",11/3/2026,6:00,19:00
Saint Alban's Episcopal Church,"3738 N Old Sabino Canyon Rd, Tucson, AZ 85750",11/3/2026,6:00,19:00
Saint James United Methodist Church,"3255 N Campbell Ave, Tucson, AZ 85719",11/3/2026,6:00,19:00
Saint John on the Desert Presbyterian Church,"2695 N Houghton Rd, Tucson, AZ 85749",11/3/2026,6:00,19:00
Saint Matthew's Episcopal Church,"9071 E Old Spanish Trail, Tucson, AZ 85710",11/3/2026,6:00,19:00
Saint Odilia's Catholic Church,"7570 N Paseo Del Norte, Tucson, AZ 85704",11/3/2026,6:00,19:00
Saint Paul's United Methodist Church,"8051 E Broadway Blvd, Tucson, AZ 85710",11/3/2026,6:00,19:00
Saint Thomas the Apostle Catholic Church,"5150 N Valley View Rd, Tucson, AZ 85718",11/3/2026,6:00,19:00
Sam Lena Library,"1607 S 6th Ave, Tucson, AZ 85713",11/3/2026,6:00,19:00
San Xavier District,"2018 W San Xavier Rd, Tucson, AZ 85746",11/3/2026,6:00,19:00
Sandario Baptist Church,"6971 N Sandario Rd, Tucson, AZ 85743",11/3/2026,6:00,19:00
Santa Catalina Catholic Church,"14380 N Oracle Rd, Tucson, AZ 85739",11/3/2026,6:00,19:00
Santa Cruz Lutheran Church,"6809 S Cardinal Ave, Tucson, AZ 85746",11/3/2026,6:00,19:00
Serenity Baptist Church,"15501 W Ajo Hwy, Three Points, Three Points, AZ 85735",11/3/2026,6:00,19:00
Sheraton Tucson Hotel,"5151 E Grant Rd, Tucson, AZ 85712",11/3/2026,6:00,19:00
Sierrita Mining and Ranching Co. Community Building,"10094 W McGee Ranch Rd, Sahuarita, AZ 85629",11/3/2026,6:00,19:00
St. Jude's Anglican Church,"8245 E Seneca St, Tucson, AZ 85715",11/3/2026,6:00,19:00
St. Margaret Mary Parish,"801 N Grande Ave, Tucson, AZ 85745",11/3/2026,6:00,19:00
St. Mark's Presbyterian Church,"3809 E 3rd St, Tucson, AZ 85716",11/3/2026,6:00,19:00
Sun City Oro Valley - Catalina Vista,"14055 N Del Webb Blvd, Oro Valley, AZ 85755",11/3/2026,6:00,19:00
Sunnyside School Dist. Admin Office,"2238 E Ginter Rd, Tucson, AZ 85706",11/3/2026,6:00,19:00
SUSD - Sopori Elementary School,"5000 W Arivaca Rd, Amado, AZ 85645",11/3/2026,6:00,19:00
The Good Shepherd UCC,"17750 S La Cañada Dr, Sahuarita, AZ 85629",11/3/2026,6:00,19:00
The Highlands at Dove Mountain,"4949 W Heritage Club Blvd, Marana, AZ 85658",11/3/2026,6:00,19:00
Tohono O'odham Community College,"Highway 86, Mile Post 125, Sells, AZ 85634",11/3/2026,6:00,19:00
Trinity Life Church,"1930 S Wilmot Rd, Tucson, AZ 85711",11/3/2026,6:00,19:00
Tucson Convention Center,"260 S Church Ave, Tucson, AZ 85701",11/3/2026,6:00,19:00
Tucson Estates,"5900 W Western Way Cir, Tucson, AZ 85713",11/3/2026,6:00,19:00
Tucson Expo Center,"3750 E Irvington Rd, Tucson, AZ 85714",11/3/2026,6:00,19:00
Tucson FOP Lodge #1,"3445 N Dodge Blvd, Tucson, AZ 85716",11/3/2026,6:00,19:00
Tucson Mountain Baptist Church,"5757 W Ajo Hwy, Tucson, AZ 85735",11/3/2026,6:00,19:00
Valencia Branch Public Library,"202 W Valencia Rd, Tucson, AZ 85706",11/3/2026,6:00,19:00
Valley Christian Church,"5968 E Fairmount St, Tucson, AZ 85712",11/3/2026,6:00,19:00
Vida Nueva Church of God,"504 W Nebraska St, Tucson, AZ 85706",11/3/2026,6:00,19:00
VUSD - Cienega High School,"12775 E Mary Ann Cleveland Way, Vail, AZ 85641",11/3/2026,6:00,19:00
VUSD - Copper Ridge Elementary School,"17650 S Canyon Edge Trail, Vail, AZ 85641",11/3/2026,6:00,19:00
VUSD - Cottonwood Elementary,"9950 E Rees Loop, Tucson, AZ 85747",11/3/2026,6:00,19:00
VUSD - Desert Sky Middle School,"9850 E Rankin Loop, Vail, AZ 85641",11/3/2026,6:00,19:00
VUSD - Ocotillo Ridge Elementary School,"10170 South White Lightning Lane, Vail, AZ 85641",11/3/2026,6:00,19:00
VUSD - Sycamore Elementary School,"16701 S Houghton Rd, Vail, AZ 85641",11/3/2026,6:00,19:00
Why Domestic Water Improvement District,"341 S Sonoita Way, Highway 85 South, Ajo, AZ 85321",11/3/2026,6:00,19:00
Woods Memorial Library,"3455 N 1st Ave, Tucson, AZ 85719",11/3/2026,6:00,19:00
